{
    "flagstaff": [
        [-111.72716, 35.244561],
        [-111.55848, 35.174735]
    ],
    "phoenix": [
        [-112.42968, 33.718902],
        [-111.53266, 33.181112]
    ],
    "tucson": [
        [-111.136414, 32.450148],
        [-110.766781, 32.096831]
    ]
}